{"cameraMode":{"drawMode":0,"name":"Shaded","section":"Shading Mode"},"sceneLighting":true,"audioPlay":false,"sceneViewState":{"m_AlwaysRefresh":false,"showFog":true,"showSkybox":true,"showFlares":true,"showImageEffects":true,"showParticleSystems":true,"showVisualEffectGraphs":true,"m_FxEnabled":true},"in2DMode":false,"pivot":{"x":8.228292465209961,"y":0.6634884476661682,"z":1.0271272659301758},"rotation":{"x":0.420795738697052,"y":-0.016327273100614549,"z":0.007575023453682661,"w":0.9069732427597046},"size":9.748282432556153,"orthographic":true}